event_time,machine_id,temperature,vibration,rpm
2025-06-20T19:31:43.041320,M-001,63.06,0.063,1725
2025-06-20T19:31:43.082343,M-002,77.72,0.233,2018
2025-06-20T19:31:43.125830,M-002,60.48,0.201,1693
2025-06-20T19:31:43.162174,M-004,77.05,0.089,2092
2025-06-20T19:31:43.193086,M-001,80.47,0.092,2038
2025-06-20T19:31:43.230388,M-005,72.17,0.178,1300
2025-06-20T19:31:43.276881,M-004,84.66,0.191,2292
2025-06-20T19:31:43.319565,M-001,87.84,0.054,2423
2025-06-20T19:31:43.338300,M-003,84.51,0.098,1073
2025-06-20T19:31:43.382226,M-005,62.33,0.276,1424
2025-06-20T19:31:43.406640,M-004,73.07,0.052,1145
2025-06-20T19:31:43.435780,M-004,85.89,0.067,1217
2025-06-20T19:31:43.473068,M-002,71.12,0.298,1889
2025-06-20T19:31:43.488347,M-005,75.34,0.124,2380
2025-06-20T19:31:43.533201,M-003,89.46,0.299,2478
2025-06-20T19:31:43.570055,M-002,70.96,0.266,1805
2025-06-20T19:31:43.619963,M-002,81.7,0.157,2111
2025-06-20T19:31:43.654625,M-002,74.28,0.038,1843
2025-06-20T19:31:43.689381,M-003,85.14,0.194,1083
2025-06-20T19:31:43.738676,M-005,86.96,0.08,2419
2025-06-20T19:31:43.762531,M-003,60.1,0.129,1843
2025-06-20T19:31:43.787219,M-001,67.96,0.076,1395
2025-06-20T19:31:43.831959,M-003,65.38,0.172,2196
2025-06-20T19:31:43.862838,M-004,60.99,0.238,1561
2025-06-20T19:31:43.901596,M-002,68.33,0.163,1761
2025-06-20T19:31:43.920818,M-002,87.58,0.273,1816
2025-06-20T19:31:43.970406,M-004,83.93,0.204,1074
2025-06-20T19:31:43.999361,M-004,79.05,0.244,1078
2025-06-20T19:31:44.047625,M-002,86.9,0.257,1736
2025-06-20T19:31:44.085571,M-001,83.7,0.152,1345
2025-06-20T19:31:44.106876,M-005,77.93,0.088,2045
2025-06-20T19:31:44.129647,M-004,84.97,0.243,1401
2025-06-20T19:31:44.147981,M-005,76.27,0.12,1759
2025-06-20T19:31:44.170219,M-002,84.77,0.129,1365
2025-06-20T19:31:44.200698,M-001,87.45,0.014,1473
2025-06-20T19:31:44.221097,M-003,62.23,0.041,1360
2025-06-20T19:31:44.250082,M-005,79.62,0.103,1979
2025-06-20T19:31:44.288641,M-004,77.59,0.179,1431
2025-06-20T19:31:44.321414,M-005,85.9,0.173,2039
2025-06-20T19:31:44.337016,M-001,67.39,0.015,1773
2025-06-20T19:31:44.382959,M-001,63.14,0.099,1120
2025-06-20T19:31:44.407154,M-005,68.37,0.07,2298
2025-06-20T19:31:44.440310,M-004,74.5,0.284,1216
2025-06-20T19:31:44.489501,M-005,89.18,0.083,1512
2025-06-20T19:31:44.514191,M-005,77.97,0.095,1995
2025-06-20T19:31:44.552084,M-004,87.03,0.207,1416
2025-06-20T19:31:44.577645,M-004,61.92,0.193,2498
2025-06-20T19:31:44.622125,M-001,70.55,0.246,1026
2025-06-20T19:31:44.666372,M-003,83.87,0.096,1093
2025-06-20T19:31:44.685852,M-002,61.23,0.063,2250
2025-06-20T19:31:44.725172,M-001,70.77,0.207,1329
2025-06-20T19:31:44.747498,M-003,70.06,0.268,1820
2025-06-20T19:31:44.776011,M-003,70.03,0.109,1519
2025-06-20T19:31:44.802922,M-004,85.67,0.062,2352
2025-06-20T19:31:44.828600,M-001,67.91,0.027,1584
2025-06-20T19:31:44.852383,M-003,78.54,0.224,1047
2025-06-20T19:31:44.901574,M-004,68.6,0.214,1538
2025-06-20T19:31:44.946088,M-002,80.96,0.105,1695
2025-06-20T19:31:44.989579,M-004,83.02,0.005,1139
2025-06-20T19:31:45.034819,M-003,78.22,0.289,1248
2025-06-20T19:31:45.079706,M-002,68.28,0.146,1357
2025-06-20T19:31:45.109642,M-003,84.84,0.172,1066
2025-06-20T19:31:45.144788,M-002,69.11,0.18,1073
2025-06-20T19:31:45.164459,M-002,64.88,0.074,2169
2025-06-20T19:31:45.184499,M-005,64.15,0.04,2410
2025-06-20T19:31:45.205810,M-002,83.21,0.297,1765
2025-06-20T19:31:45.251388,M-003,87.48,0.07,1887
2025-06-20T19:31:45.295778,M-002,69.72,0.164,2390
2025-06-20T19:31:45.324215,M-005,75.55,0.209,1687
2025-06-20T19:31:45.369275,M-003,70.16,0.147,1034
2025-06-20T19:31:45.404040,M-005,66.4,0.17,1798
2025-06-20T19:31:45.438004,M-002,84.71,0.224,2213
2025-06-20T19:31:45.475634,M-005,64.15,0.22,2441
2025-06-20T19:31:45.503154,M-005,72.34,0.201,1023
2025-06-20T19:31:45.536938,M-001,84.28,0.153,1383
2025-06-20T19:31:45.562472,M-003,63.59,0.132,1765
2025-06-20T19:31:45.599726,M-003,60.28,0.116,2048
2025-06-20T19:31:45.642808,M-003,61.7,0.157,1507
2025-06-20T19:31:45.662278,M-002,67.04,0.043,1438
2025-06-20T19:31:45.710703,M-002,75.91,0.044,1071
2025-06-20T19:31:45.735925,M-002,81.48,0.292,1134
2025-06-20T19:31:45.775931,M-002,64.47,0.107,1662
2025-06-20T19:31:45.822398,M-004,79.79,0.151,2289
2025-06-20T19:31:45.866628,M-003,71.9,0.165,2323
2025-06-20T19:31:45.884114,M-004,78.66,0.187,1807
2025-06-20T19:31:45.916746,M-003,79.95,0.079,1398
2025-06-20T19:31:45.939113,M-001,64.1,0.219,1760
2025-06-20T19:31:45.970144,M-005,78.04,0.034,2164
2025-06-20T19:31:45.995747,M-005,83.71,0.125,2317
2025-06-20T19:31:46.011972,M-004,69.46,0.123,1028
2025-06-20T19:31:46.033930,M-005,68.08,0.272,2264
2025-06-20T19:31:46.055778,M-005,69.83,0.272,1323
2025-06-20T19:31:46.100621,M-003,63.48,0.011,1388
2025-06-20T19:31:46.126767,M-005,88.26,0.081,1731
2025-06-20T19:31:46.144046,M-002,60.27,0.226,2012
2025-06-20T19:31:46.160943,M-004,79.52,0.108,1756
2025-06-20T19:31:46.180241,M-003,71.04,0.031,1515
2025-06-20T19:31:46.230085,M-005,81.72,0.219,2005
2025-06-20T19:31:46.266052,M-004,71.62,0.188,1704
2025-06-20T19:31:46.284577,M-005,75.17,0.244,1768
2025-06-20T19:31:46.326238,M-002,70.04,0.166,2418
2025-06-20T19:31:46.343390,M-003,72.36,0.032,2356
2025-06-20T19:31:46.367978,M-005,74.4,0.03,2316
2025-06-20T19:31:46.393031,M-001,85.77,0.149,1615
2025-06-20T19:31:46.425890,M-003,74.09,0.257,1841
2025-06-20T19:31:46.464283,M-004,85.66,0.155,1830
2025-06-20T19:31:46.512870,M-001,69.7,0.268,1174
2025-06-20T19:31:46.557029,M-003,86.59,0.149,1706
2025-06-20T19:31:46.585837,M-004,74.57,0.017,1912
2025-06-20T19:31:46.605827,M-002,89.86,0.197,1626
2025-06-20T19:31:46.644653,M-001,64.06,0.217,2020
2025-06-20T19:31:46.682371,M-001,66.02,0.27,1395
2025-06-20T19:31:46.724590,M-003,78.5,0.055,2439
2025-06-20T19:31:46.759406,M-002,87.6,0.058,1378
2025-06-20T19:31:46.799092,M-001,89.95,0.124,1554
2025-06-20T19:31:46.824204,M-003,65.24,0.043,2393
2025-06-20T19:31:46.850823,M-004,60.22,0.202,1053
2025-06-20T19:31:46.893150,M-005,70.54,0.146,1080
2025-06-20T19:31:46.939684,M-005,69.69,0.207,1229
2025-06-20T19:31:46.966526,M-005,81.33,0.146,1895
2025-06-20T19:31:46.991278,M-002,80.38,0.299,2433
2025-06-20T19:31:47.021284,M-005,81.12,0.083,2458
2025-06-20T19:31:47.048867,M-003,77.07,0.173,2070
2025-06-20T19:31:47.081968,M-002,76.23,0.149,1394
2025-06-20T19:31:47.129945,M-001,79.62,0.104,1429
2025-06-20T19:31:47.163021,M-001,85.73,0.144,2276
2025-06-20T19:31:47.193238,M-003,77.23,0.023,1942
2025-06-20T19:31:47.230021,M-001,78.08,0.255,1607
2025-06-20T19:31:47.271478,M-001,82.94,0.067,1939
2025-06-20T19:31:47.319160,M-005,77.96,0.213,2036
2025-06-20T19:31:47.362915,M-004,62.8,0.084,1184
2025-06-20T19:31:47.411347,M-002,85.37,0.227,1454
2025-06-20T19:31:47.460877,M-001,87.26,0.004,1616
2025-06-20T19:31:47.510311,M-002,83.38,0.148,1902
2025-06-20T19:31:47.538517,M-003,65.92,0.282,1397
2025-06-20T19:31:47.561629,M-002,63.64,0.221,1606
2025-06-20T19:31:47.585854,M-002,65.41,0.254,2246
2025-06-20T19:31:47.616225,M-001,69.45,0.295,1712
2025-06-20T19:31:47.641095,M-002,84.94,0.191,2064
2025-06-20T19:31:47.682926,M-002,69.16,0.099,1775
2025-06-20T19:31:47.700509,M-004,63.97,0.016,1456
2025-06-20T19:31:47.730664,M-002,66.36,0.105,1915
2025-06-20T19:31:47.752858,M-005,72.57,0.201,2357
2025-06-20T19:31:47.773659,M-003,83.02,0.107,2080
2025-06-20T19:31:47.800542,M-003,82.58,0.023,1373
2025-06-20T19:31:47.818107,M-002,60.52,0.087,1442
2025-06-20T19:31:47.866702,M-003,75.05,0.23,2168
2025-06-20T19:31:47.891591,M-005,70.36,0.252,1761
2025-06-20T19:31:47.934588,M-003,85.86,0.222,2231
2025-06-20T19:31:47.971863,M-002,66.21,0.024,1598
2025-06-20T19:31:47.995255,M-003,60.94,0.264,1554
2025-06-20T19:31:48.042308,M-003,69.3,0.1,1105
2025-06-20T19:31:48.076001,M-002,73.47,0.182,2353
2025-06-20T19:31:48.105909,M-001,60.56,0.239,1155
2025-06-20T19:31:48.136967,M-001,62.12,0.015,2295
2025-06-20T19:31:48.171408,M-005,81.71,0.073,2134
2025-06-20T19:31:48.197839,M-001,64.73,0.173,2088
2025-06-20T19:31:48.214552,M-002,71.65,0.231,1762
2025-06-20T19:31:48.236205,M-004,88.81,0.03,1343
2025-06-20T19:31:48.261778,M-001,79.57,0.003,2137
2025-06-20T19:31:48.304146,M-003,70.46,0.16,2352
2025-06-20T19:31:48.348181,M-003,81.2,0.052,1112
2025-06-20T19:31:48.395736,M-001,79.03,0.146,1566
2025-06-20T19:31:48.412789,M-003,82.79,0.106,2069
2025-06-20T19:31:48.456201,M-001,84.46,0.128,1683
2025-06-20T19:31:48.498621,M-001,78.89,0.113,2341
2025-06-20T19:31:48.536002,M-005,68.55,0.189,1816
2025-06-20T19:31:48.557866,M-001,64.09,0.075,1194
2025-06-20T19:31:48.589764,M-001,84.99,0.018,2016
2025-06-20T19:31:48.627601,M-004,81.11,0.124,1737
2025-06-20T19:31:48.677377,M-001,77.39,0.193,1360
2025-06-20T19:31:48.710659,M-001,64.1,0.162,1971
2025-06-20T19:31:48.750327,M-002,73.55,0.171,1382
2025-06-20T19:31:48.773341,M-001,83.17,0.269,2316
2025-06-20T19:31:48.814699,M-002,65.03,0.218,1797
2025-06-20T19:31:48.837398,M-005,63.69,0.227,1892
2025-06-20T19:31:48.884902,M-001,86.7,0.078,1614
2025-06-20T19:31:48.901538,M-005,75.27,0.093,1603
2025-06-20T19:31:48.946557,M-004,64.46,0.029,1295
2025-06-20T19:31:48.978204,M-002,73.79,0.255,1455
2025-06-20T19:31:48.997293,M-002,61.83,0.174,2172
2025-06-20T19:31:49.020839,M-005,65.66,0.008,1889
2025-06-20T19:31:49.055889,M-002,84.49,0.195,1320
2025-06-20T19:31:49.082723,M-002,76.35,0.139,1740
2025-06-20T19:31:49.103922,M-004,66.07,0.068,2213
2025-06-20T19:31:49.146669,M-002,69.7,0.053,2028
2025-06-20T19:31:49.181456,M-001,76.81,0.123,1887
2025-06-20T19:31:49.222756,M-002,83.33,0.078,1546
2025-06-20T19:31:49.248181,M-003,69.76,0.165,1007
2025-06-20T19:31:49.273934,M-004,69.56,0.17,1984
2025-06-20T19:31:49.310370,M-001,73.29,0.119,2074
2025-06-20T19:31:49.356930,M-005,82.62,0.005,2277
2025-06-20T19:31:49.383111,M-003,82.0,0.278,1970
2025-06-20T19:31:49.418375,M-004,71.72,0.279,2005
2025-06-20T19:31:49.434078,M-002,70.52,0.011,1741
2025-06-20T19:31:49.457051,M-003,80.73,0.131,1855
2025-06-20T19:31:49.473518,M-004,68.06,0.288,1982
2025-06-20T19:31:49.517320,M-004,81.14,0.131,1716
2025-06-20T19:31:49.557726,M-002,83.21,0.292,1919
2025-06-20T19:31:49.591269,M-001,86.75,0.101,1641
2025-06-20T19:31:49.639495,M-001,85.07,0.201,2336
2025-06-20T19:31:49.677652,M-003,89.94,0.19,1265
2025-06-20T19:31:49.726208,M-001,64.7,0.046,1157
2025-06-20T19:31:49.770777,M-001,80.69,0.183,1769
2025-06-20T19:31:49.795598,M-002,87.83,0.024,1100
2025-06-20T19:31:49.826357,M-001,71.6,0.257,1464
2025-06-20T19:31:49.855498,M-003,89.46,0.17,1814
2025-06-20T19:31:49.875032,M-002,84.3,0.064,1356
2025-06-20T19:31:49.905310,M-004,74.2,0.262,1652
2025-06-20T19:31:49.938430,M-001,77.4,0.022,1475
2025-06-20T19:31:49.987553,M-003,64.39,0.066,2149
2025-06-20T19:31:50.005615,M-003,78.42,0.189,1911
2025-06-20T19:31:50.046259,M-004,69.79,0.037,1387
2025-06-20T19:31:50.079272,M-004,76.37,0.253,1299
2025-06-20T19:31:50.121923,M-002,68.73,0.191,2189
2025-06-20T19:31:50.150063,M-004,64.19,0.176,2341
2025-06-20T19:31:50.168276,M-004,63.91,0.136,1594
2025-06-20T19:31:50.217347,M-001,75.38,0.083,1825
2025-06-20T19:31:50.251956,M-001,81.12,0.109,2271
2025-06-20T19:31:50.283232,M-005,73.81,0.183,1981
2025-06-20T19:31:50.299153,M-002,88.06,0.285,1585
2025-06-20T19:31:50.345781,M-002,85.26,0.052,1878
2025-06-20T19:31:50.384405,M-004,86.49,0.151,2255
2025-06-20T19:31:50.414063,M-003,86.1,0.279,1088
2025-06-20T19:31:50.454971,M-005,79.67,0.289,1451
2025-06-20T19:31:50.479507,M-003,87.27,0.052,2111
2025-06-20T19:31:50.510954,M-004,61.3,0.172,1798
2025-06-20T19:31:50.543914,M-001,73.42,0.273,1667
2025-06-20T19:31:50.572894,M-001,83.55,0.242,1059
2025-06-20T19:31:50.595257,M-002,67.28,0.055,1851
2025-06-20T19:31:50.614687,M-002,84.7,0.161,1468
2025-06-20T19:31:50.631461,M-003,86.74,0.024,1945
2025-06-20T19:31:50.658061,M-002,64.95,0.225,2485
2025-06-20T19:31:50.699854,M-003,81.51,0.15,1232
2025-06-20T19:31:50.718212,M-005,60.2,0.294,2072
2025-06-20T19:31:50.742771,M-002,82.28,0.119,1978
2025-06-20T19:31:50.771468,M-005,66.72,0.155,2221
2025-06-20T19:31:50.796283,M-001,65.18,0.233,2347
2025-06-20T19:31:50.825273,M-005,88.26,0.189,1409
2025-06-20T19:31:50.842533,M-002,70.2,0.126,2316
2025-06-20T19:31:50.858649,M-005,70.94,0.207,1065
2025-06-20T19:31:50.901334,M-002,76.17,0.275,1182
2025-06-20T19:31:50.939396,M-003,86.67,0.053,1039
2025-06-20T19:31:50.954875,M-001,68.43,0.166,1224
2025-06-20T19:31:50.995226,M-004,69.91,0.296,1199
2025-06-20T19:31:51.038097,M-003,77.32,0.198,1124
2025-06-20T19:31:51.082116,M-004,86.67,0.221,2176
2025-06-20T19:31:51.113915,M-003,88.8,0.051,2314
2025-06-20T19:31:51.142725,M-004,61.47,0.213,1437
2025-06-20T19:31:51.183853,M-001,64.72,0.114,1909
2025-06-20T19:31:51.202367,M-002,88.31,0.137,1961
2025-06-20T19:31:51.241665,M-004,84.67,0.281,1384
2025-06-20T19:31:51.280632,M-003,80.68,0.17,1009
2025-06-20T19:31:51.323349,M-003,64.45,0.143,1085
2025-06-20T19:31:51.344135,M-001,83.45,0.278,1476
2025-06-20T19:31:51.387142,M-004,89.02,0.007,1085
2025-06-20T19:31:51.430482,M-002,63.53,0.114,1578
2025-06-20T19:31:51.447395,M-001,74.98,0.086,1373
2025-06-20T19:31:51.496677,M-005,76.91,0.082,1379
2025-06-20T19:31:51.540916,M-005,64.52,0.05,1067
2025-06-20T19:31:51.579493,M-003,79.96,0.261,1273
2025-06-20T19:31:51.621773,M-001,75.66,0.048,1012
2025-06-20T19:31:51.642786,M-003,68.79,0.045,2001
2025-06-20T19:31:51.659201,M-005,76.92,0.021,1194
2025-06-20T19:31:51.695079,M-001,74.31,0.111,2191
2025-06-20T19:31:51.741712,M-005,78.95,0.215,2211
2025-06-20T19:31:51.780665,M-002,76.51,0.029,2296
2025-06-20T19:31:51.815308,M-002,64.83,0.141,2428
2025-06-20T19:31:51.861749,M-005,87.49,0.265,2432
2025-06-20T19:31:51.890067,M-003,65.54,0.006,2355
2025-06-20T19:31:51.928458,M-004,64.71,0.22,1188
2025-06-20T19:31:51.959468,M-003,75.38,0.235,2139
2025-06-20T19:31:51.985417,M-004,78.03,0.008,1738
2025-06-20T19:31:52.027643,M-002,64.6,0.206,1680
2025-06-20T19:31:52.063160,M-005,77.0,0.15,1544
2025-06-20T19:31:52.103401,M-002,65.46,0.059,2198
2025-06-20T19:31:52.136193,M-004,77.29,0.274,1692
2025-06-20T19:31:52.180867,M-002,82.82,0.105,1898
2025-06-20T19:31:52.229866,M-003,70.45,0.225,1189
2025-06-20T19:31:52.267127,M-003,67.43,0.006,1830
2025-06-20T19:31:52.288709,M-005,61.32,0.14,1951
2025-06-20T19:31:52.335773,M-004,78.05,0.044,1846
2025-06-20T19:31:52.356554,M-002,73.61,0.15,1963
2025-06-20T19:31:52.374266,M-005,78.06,0.239,2175
2025-06-20T19:31:52.397677,M-003,60.94,0.176,1790
2025-06-20T19:31:52.416475,M-005,74.63,0.195,2475
2025-06-20T19:31:52.453798,M-003,86.76,0.084,1730
2025-06-20T19:31:52.480302,M-001,74.12,0.124,1076
2025-06-20T19:31:52.515743,M-002,74.85,0.03,1058
2025-06-20T19:31:52.547304,M-001,61.3,0.072,2095
2025-06-20T19:31:52.573843,M-002,87.62,0.247,2471
2025-06-20T19:31:52.591081,M-003,62.87,0.043,2119
2025-06-20T19:31:52.618781,M-002,82.27,0.01,2461
2025-06-20T19:31:52.661091,M-001,64.39,0.059,1857
2025-06-20T19:31:52.676697,M-004,78.98,0.277,1162
2025-06-20T19:31:52.712262,M-001,61.7,0.144,1808
2025-06-20T19:31:52.758879,M-005,69.88,0.189,1331
2025-06-20T19:31:52.791900,M-004,79.94,0.244,1246
2025-06-20T19:31:52.833291,M-005,83.36,0.168,1471
2025-06-20T19:31:52.848330,M-001,70.77,0.155,1546
2025-06-20T19:31:52.886673,M-001,71.85,0.231,1732
2025-06-20T19:31:52.906765,M-002,82.26,0.028,2200
2025-06-20T19:31:52.951787,M-004,87.75,0.107,1605
2025-06-20T19:31:52.984772,M-003,60.51,0.133,1588
2025-06-20T19:31:53.021591,M-001,77.38,0.267,2333
2025-06-20T19:31:53.037937,M-001,89.1,0.151,2188
2025-06-20T19:31:53.054450,M-002,67.93,0.121,1870
2025-06-20T19:31:53.079978,M-004,85.22,0.001,1932
2025-06-20T19:31:53.129457,M-001,61.2,0.041,2423
2025-06-20T19:31:53.175365,M-001,70.05,0.28,2247
2025-06-20T19:31:53.209039,M-002,74.71,0.235,1607
2025-06-20T19:31:53.232126,M-004,69.91,0.246,1304
2025-06-20T19:31:53.277254,M-002,75.56,0.249,1264
2025-06-20T19:31:53.318254,M-003,72.4,0.289,1703
2025-06-20T19:31:53.338162,M-003,80.04,0.174,2336
2025-06-20T19:31:53.357336,M-003,85.46,0.138,1650
2025-06-20T19:31:53.395227,M-002,65.25,0.182,2500
2025-06-20T19:31:53.444351,M-004,67.27,0.232,1116
2025-06-20T19:31:53.492137,M-004,60.86,0.037,2457
2025-06-20T19:31:53.509820,M-001,72.89,0.213,1084
2025-06-20T19:31:53.555694,M-002,68.55,0.212,2256
2025-06-20T19:31:53.603190,M-005,86.74,0.186,2495
2025-06-20T19:31:53.647303,M-001,63.24,0.147,2330
2025-06-20T19:31:53.666202,M-001,64.07,0.247,1004
2025-06-20T19:31:53.689655,M-003,70.03,0.209,2499
2025-06-20T19:31:53.736286,M-002,66.48,0.299,1219
2025-06-20T19:31:53.781188,M-003,82.33,0.095,2170
2025-06-20T19:31:53.815047,M-005,62.7,0.091,1090
2025-06-20T19:31:53.861027,M-004,80.82,0.228,1903
2025-06-20T19:31:53.901727,M-005,85.31,0.092,1963
2025-06-20T19:31:53.944158,M-003,86.79,0.118,2430
2025-06-20T19:31:53.986342,M-002,84.04,0.102,1582
2025-06-20T19:31:54.030825,M-005,60.94,0.3,1749
2025-06-20T19:31:54.078330,M-003,75.26,0.238,2198
2025-06-20T19:31:54.104855,M-001,87.0,0.05,2050
2025-06-20T19:31:54.150829,M-001,80.56,0.294,2049
2025-06-20T19:31:54.166848,M-002,78.91,0.032,2152
2025-06-20T19:31:54.212187,M-003,79.9,0.17,2020
2025-06-20T19:31:54.258686,M-003,65.31,0.201,1094
2025-06-20T19:31:54.290218,M-004,71.58,0.109,2242
2025-06-20T19:31:54.308459,M-005,81.73,0.142,2142
2025-06-20T19:31:54.357841,M-001,82.11,0.236,1130
2025-06-20T19:31:54.400050,M-002,71.49,0.277,1346
2025-06-20T19:31:54.416411,M-001,70.4,0.112,2165
2025-06-20T19:31:54.464396,M-002,73.54,0.292,2132
2025-06-20T19:31:54.513744,M-001,67.31,0.144,1735
2025-06-20T19:31:54.557404,M-003,86.84,0.221,1808
2025-06-20T19:31:54.593948,M-004,70.36,0.116,1342
2025-06-20T19:31:54.633741,M-004,85.98,0.179,1786
2025-06-20T19:31:54.673022,M-004,62.52,0.132,1665
2025-06-20T19:31:54.710413,M-003,88.82,0.208,1119
2025-06-20T19:31:54.725856,M-003,62.73,0.228,1426
2025-06-20T19:31:54.744427,M-001,88.2,0.045,1387
2025-06-20T19:31:54.782037,M-005,78.01,0.147,1957
2025-06-20T19:31:54.812254,M-003,78.95,0.14,2232
2025-06-20T19:31:54.855787,M-003,88.63,0.114,1591
2025-06-20T19:31:54.883639,M-001,71.59,0.144,1723
2025-06-20T19:31:54.900251,M-003,85.92,0.133,2439
2025-06-20T19:31:54.944716,M-003,88.25,0.272,1784
2025-06-20T19:31:54.983209,M-004,61.71,0.234,1123
2025-06-20T19:31:55.001851,M-005,60.35,0.236,1934
2025-06-20T19:31:55.044237,M-004,66.73,0.16,1597
2025-06-20T19:31:55.081905,M-003,79.73,0.122,1149
2025-06-20T19:31:55.122801,M-002,67.06,0.116,2479
2025-06-20T19:31:55.156333,M-001,70.7,0.037,2273
2025-06-20T19:31:55.182012,M-003,79.91,0.14,2018
2025-06-20T19:31:55.217631,M-003,83.6,0.004,1070
2025-06-20T19:31:55.267524,M-004,82.67,0.025,2160
2025-06-20T19:31:55.282563,M-001,81.75,0.03,2486
2025-06-20T19:31:55.319033,M-005,87.82,0.26,1954
2025-06-20T19:31:55.345261,M-004,84.86,0.152,1418
2025-06-20T19:31:55.364434,M-003,75.95,0.252,1939
2025-06-20T19:31:55.404815,M-001,67.1,0.132,1201
2025-06-20T19:31:55.445005,M-002,86.7,0.109,1694
2025-06-20T19:31:55.487228,M-001,76.24,0.2,2440
2025-06-20T19:31:55.505977,M-004,67.5,0.082,1116
2025-06-20T19:31:55.542004,M-001,85.76,0.297,1784
2025-06-20T19:31:55.571127,M-003,86.98,0.059,2274
2025-06-20T19:31:55.608249,M-003,78.42,0.073,1948
2025-06-20T19:31:55.642575,M-004,63.77,0.025,1787
2025-06-20T19:31:55.665981,M-002,65.03,0.099,2012
2025-06-20T19:31:55.705413,M-001,68.4,0.29,2405
2025-06-20T19:31:55.744067,M-003,68.2,0.171,1761
2025-06-20T19:31:55.783009,M-003,61.69,0.106,1448
2025-06-20T19:31:55.823459,M-002,77.12,0.143,1105
2025-06-20T19:31:55.842412,M-004,76.04,0.181,2255
2025-06-20T19:31:55.881687,M-002,67.4,0.147,1473
2025-06-20T19:31:55.923427,M-003,65.94,0.299,1844
2025-06-20T19:31:55.950805,M-005,84.92,0.139,1172
2025-06-20T19:31:55.997688,M-005,89.24,0.107,1774
2025-06-20T19:31:56.039561,M-002,84.32,0.026,1992
2025-06-20T19:31:56.074366,M-005,70.0,0.26,2309
2025-06-20T19:31:56.110528,M-004,75.68,0.177,2496
2025-06-20T19:31:56.138820,M-005,83.1,0.096,1071
2025-06-20T19:31:56.180043,M-002,66.97,0.184,2383
2025-06-20T19:31:56.217215,M-002,68.33,0.228,1055
2025-06-20T19:31:56.261332,M-005,80.08,0.072,1098
2025-06-20T19:31:56.295505,M-005,73.37,0.276,1043
2025-06-20T19:31:56.319137,M-003,86.13,0.126,1566
2025-06-20T19:31:56.350511,M-004,82.76,0.212,1274
2025-06-20T19:31:56.391364,M-002,85.52,0.288,2474
2025-06-20T19:31:56.420704,M-001,83.58,0.248,1948
2025-06-20T19:31:56.445337,M-001,63.76,0.067,1639
2025-06-20T19:31:56.467428,M-004,78.97,0.032,2432
2025-06-20T19:31:56.490922,M-003,86.12,0.124,2206
2025-06-20T19:31:56.531982,M-002,75.89,0.162,2322
2025-06-20T19:31:56.552116,M-002,83.41,0.285,2411
2025-06-20T19:31:56.581192,M-004,73.04,0.109,1323
2025-06-20T19:31:56.598450,M-003,75.59,0.285,1110
2025-06-20T19:31:56.615177,M-002,69.31,0.152,1500
2025-06-20T19:31:56.664110,M-003,74.62,0.248,2471
2025-06-20T19:31:56.680408,M-002,73.21,0.183,1111
2025-06-20T19:31:56.695584,M-001,89.98,0.03,1584
2025-06-20T19:31:56.736398,M-004,89.14,0.15,1273
2025-06-20T19:31:56.780136,M-001,86.83,0.293,1398
2025-06-20T19:31:56.795990,M-003,74.09,0.27,2120
2025-06-20T19:31:56.834916,M-003,80.32,0.286,2080
2025-06-20T19:31:56.864735,M-005,86.15,0.022,1328
2025-06-20T19:31:56.908606,M-002,86.71,0.144,1870
2025-06-20T19:31:56.926488,M-004,89.43,0.016,1049
2025-06-20T19:31:56.950163,M-005,80.61,0.196,2348
2025-06-20T19:31:56.983191,M-005,68.78,0.08,1319
2025-06-20T19:31:57.006004,M-004,85.92,0.226,1580
2025-06-20T19:31:57.022915,M-002,84.92,0.122,1451
2025-06-20T19:31:57.069858,M-005,78.8,0.099,1779
2025-06-20T19:31:57.104031,M-001,86.24,0.104,1763
2025-06-20T19:31:57.152836,M-002,70.37,0.232,2039
2025-06-20T19:31:57.171333,M-001,68.15,0.024,1725
2025-06-20T19:31:57.217988,M-002,73.82,0.074,1536
2025-06-20T19:31:57.250960,M-001,69.22,0.136,2362
2025-06-20T19:31:57.278760,M-003,62.09,0.237,2327
2025-06-20T19:31:57.309586,M-005,80.66,0.144,2206
2025-06-20T19:31:57.350805,M-003,78.6,0.226,2442
2025-06-20T19:31:57.381137,M-002,75.56,0.228,2431
2025-06-20T19:31:57.412874,M-003,77.19,0.218,1864
2025-06-20T19:31:57.448413,M-001,69.53,0.018,1906
2025-06-20T19:31:57.479626,M-003,84.59,0.015,1664
2025-06-20T19:31:57.508175,M-003,72.07,0.135,1976
2025-06-20T19:31:57.543059,M-005,84.96,0.022,2048
2025-06-20T19:31:57.589828,M-004,68.69,0.143,1835
2025-06-20T19:31:57.605327,M-004,79.93,0.017,1647
2025-06-20T19:31:57.637026,M-002,86.92,0.186,2121
2025-06-20T19:31:57.659573,M-004,71.54,0.139,1314
2025-06-20T19:31:57.683148,M-005,85.51,0.264,1495
2025-06-20T19:31:57.709331,M-004,61.74,0.085,1020
2025-06-20T19:31:57.731462,M-005,73.2,0.229,2078
2025-06-20T19:31:57.773865,M-002,63.03,0.146,2182
2025-06-20T19:31:57.820640,M-004,81.85,0.177,2096
2025-06-20T19:31:57.843892,M-004,68.53,0.296,1862
2025-06-20T19:31:57.874085,M-004,79.14,0.135,2193
2025-06-20T19:31:57.910051,M-004,71.24,0.179,1735
2025-06-20T19:31:57.946267,M-002,83.69,0.062,1212
2025-06-20T19:31:57.966479,M-003,69.77,0.213,1788
2025-06-20T19:31:58.008614,M-003,78.19,0.204,1260
2025-06-20T19:31:58.030807,M-005,77.06,0.275,2346
2025-06-20T19:31:58.050258,M-001,80.39,0.165,1288
2025-06-20T19:31:58.076247,M-002,74.5,0.13,1869
2025-06-20T19:31:58.121048,M-003,68.98,0.0,2163
2025-06-20T19:31:58.149676,M-005,64.98,0.13,2134
2025-06-20T19:31:58.172420,M-002,80.83,0.153,2360
2025-06-20T19:31:58.203090,M-005,77.98,0.149,1586
2025-06-20T19:31:58.228591,M-001,88.84,0.129,1585
2025-06-20T19:31:58.248533,M-004,81.45,0.216,1624
2025-06-20T19:31:58.289760,M-001,64.08,0.188,2202
2025-06-20T19:31:58.335487,M-005,76.29,0.174,1179
2025-06-20T19:31:58.381590,M-003,88.8,0.275,1697
2025-06-20T19:31:58.399485,M-004,79.14,0.025,1838
2025-06-20T19:31:58.421473,M-001,61.09,0.123,1222
2025-06-20T19:31:58.453097,M-002,78.66,0.283,1144
2025-06-20T19:31:58.491255,M-002,76.59,0.032,1959
2025-06-20T19:31:58.531836,M-003,69.45,0.027,2116
2025-06-20T19:31:58.554987,M-001,68.12,0.067,1290
2025-06-20T19:31:58.575204,M-001,64.1,0.07,1000
2025-06-20T19:31:58.616211,M-004,75.47,0.157,2257
2025-06-20T19:31:58.653345,M-002,88.62,0.103,2484
2025-06-20T19:31:58.700191,M-005,78.43,0.235,1040
2025-06-20T19:31:58.734913,M-005,60.21,0.111,1623
2025-06-20T19:31:58.760148,M-003,88.72,0.175,2089
2025-06-20T19:31:58.785883,M-001,78.49,0.09,1925
2025-06-20T19:31:58.832993,M-002,85.68,0.122,1888
2025-06-20T19:31:58.861736,M-003,65.66,0.173,1533
2025-06-20T19:31:58.894477,M-005,68.68,0.164,1039
2025-06-20T19:31:58.919741,M-004,81.42,0.039,1890
2025-06-20T19:31:58.960873,M-004,81.29,0.148,1578
2025-06-20T19:31:58.984575,M-005,85.2,0.173,1914
2025-06-20T19:31:59.007805,M-004,85.48,0.224,2038
2025-06-20T19:31:59.026626,M-005,82.06,0.135,1517
2025-06-20T19:31:59.073373,M-001,85.46,0.263,2138
2025-06-20T19:31:59.095952,M-001,70.59,0.203,2161
2025-06-20T19:31:59.122243,M-002,84.49,0.274,1834
2025-06-20T19:31:59.157828,M-001,60.79,0.116,1615
2025-06-20T19:31:59.204276,M-004,68.81,0.108,2302
2025-06-20T19:31:59.222813,M-004,88.93,0.083,1613
2025-06-20T19:31:59.257154,M-003,72.42,0.045,2264
2025-06-20T19:31:59.277257,M-005,89.18,0.238,2201
2025-06-20T19:31:59.301856,M-004,82.82,0.096,2447
2025-06-20T19:31:59.344435,M-003,82.96,0.292,2454
2025-06-20T19:31:59.377286,M-003,75.53,0.134,1169
2025-06-20T19:31:59.426045,M-001,79.14,0.15,2141
